title,description,category,image_url,price,is_active
Classic Saree Blouse,Custom-fitted saree blouse with a clean elegant finish.,Saree Blouses,,0,true
Straight Cut Kurti,Comfortable made-to-measure kurti for everyday wear.,Kurti,,0,true
Classic Salwar Set,Traditional salwar set tailored for comfort and grace.,Chudidar / Salwar,,0,true
A Line Dress,Contemporary dress designed for a clean personal fit.,Dresses,,0,true
Bridal Silk Blouse,Statement bridal blouse with refined detailing.,Bridal,,0,true
Sequin Party Gown,Festive gown designed for celebrations and special occasions.,Party Wear,,0,true
Kids Festive Set,Comfortable festive outfit sized for growing children.,Kids Wear,,0,true
Shirt Fitting,Precise shirt resizing for a sharper comfortable fit.,Men's Alterations,,0,true
Boho Fusion Set,Fresh fusion outfit designed around your style.,Trending Designs,,0,true
